"Activity Date","Process Date","Settle Date","Instrument","Description","Trans Code","Quantity","Price","Amount"
"12/22/2023","12/22/2023","12/26/2023","SPY","Option Expiration for SPY 12/22/2023 Put $435.00","OEXP","1S","",""
"12/6/2023","12/6/2023","12/7/2023","SPY","Option Expiration for SPY 12/6/2023 Call $460.00","OEXP","1S","",""
"12/6/2023","12/6/2023","12/7/2023","SPY","Option Expiration for SPY 12/6/2023 Call $462.00","OEXP","3S","",""
"12/6/2023","12/6/2023","12/7/2023","SPY","SPY 12/6/2023 Call $460.00","BTO","1","$0.06","($6.03)"
"12/6/2023","12/6/2023","12/7/2023","SPY","SPY 12/6/2023 Call $462.00","BTO","1","$0.02","($2.03)"
"12/6/2023","12/6/2023","12/7/2023","SPY","SPY 12/6/2023 Call $462.00","BTO","1","$0.02","($2.03)"
"12/6/2023","12/6/2023","12/7/2023","SPY","SPY 12/6/2023 Call $462.00","BTO","1","$0.02","($2.03)"
"12/5/2023","12/5/2023","12/6/2023","SPY","SPY 1/5/2024 Put $435.00","BTO","1","$1.27","($127.03)"
"11/30/2023","11/30/2023","12/1/2023","SPY","SPY 12/29/2023 Call $470.00","STC","1","$0.69","$68.95"
"11/27/2023","11/27/2023","11/28/2023","SPY","SPY 12/22/2023 Put $435.00","BTO","1","$1.11","($111.03)"
"11/24/2023","11/24/2023","11/27/2023","SPY","Option Expiration for SPY 11/24/2023 Put $419.00","OEXP","1S","",""
"11/24/2023","11/24/2023","11/27/2023","SPY","Option Expiration for SPY 11/24/2023 Put $425.00","OEXP","1S","",""
"11/17/2023","11/17/2023","11/20/2023","SPY","Option Expiration for SPY 11/17/2023 Put $425.00","OEXP","1S","",""
"11/10/2023","11/10/2023","11/13/2023","SPY","SPY 11/24/2023 Put $425.00","BTO","1","$0.73","($73.03)"
"11/9/2023","11/9/2023","11/10/2023","SPY","SPY 11/24/2023 Put $419.00","BTO","1","$0.63","($63.03)"
"11/8/2023","11/8/2023","11/9/2023","SPY","SPY 11/17/2023 Put $425.00","BTO","1","$0.59","($59.03)"
"11/2/2023","11/2/2023","11/3/2023","SPY","SPY 11/24/2023 Call $435.00","STC","1","$3.38","$337.95"
"10/25/2023","10/25/2023","10/26/2023","SPY","SPY 10/25/2023 Put $417.00","STC","1","$0.80","$79.95"
"10/25/2023","10/25/2023","10/26/2023","SPY","SPY 10/25/2023 Put $416.00","STC","1","$0.32","$31.95"
"10/25/2023","10/25/2023","10/26/2023","SPY","SPY 10/25/2023 Put $417.00","BTO","1","$0.17","($17.03)"
"10/25/2023","10/25/2023","10/26/2023","SPY","SPY 10/25/2023 Put $416.00","BTO","1","$0.26","($26.03)"
"10/24/2023","10/24/2023","10/25/2023","SPY","SPY 11/24/2023 Call $435.00","BTO","1","$3.81","($381.03)"
"10/23/2023","10/23/2023","10/24/2023","SPY","Option Expiration for SPY 10/23/2023 Put $415.00","OEXP","2S","",""
"10/23/2023","10/23/2023","10/24/2023","SPY","SPY 10/23/2023 Put $415.00","BTO","1","$0.02","($2.00)"
"10/23/2023","10/23/2023","10/24/2023","SPY","SPY 10/23/2023 Put $415.00","BTO","1","$0.16","($16.00)"
"10/18/2023","10/18/2023","10/19/2023","SPY","SPY 10/18/2023 Put $430.00","STC","1","$0.30","$29.98"
"10/18/2023","10/18/2023","10/19/2023","SPY","SPY 10/18/2023 Put $430.00","BTO","1","$0.22","($22.00)"
"10/17/2023","10/17/2023","10/18/2023","SPY","SPY 10/17/2023 Put $433.00","STC","1","$0.12","$11.98"
"10/17/2023","10/17/2023","10/18/2023","SPY","SPY 10/17/2023 Put $433.00","BTO","1","$0.10","($10.00)"
"10/16/2023","10/16/2023","10/17/2023","SPY","SPY 12/29/2023 Call $470.00","BTO","1","$1.26","($126.00)"
"10/13/2023","10/13/2023","10/16/2023","SPY","Option Expiration for SPY 10/13/2023 Call $436.00","OEXP","1S","",""
"10/13/2023","10/13/2023","10/16/2023","SPY","SPY 10/13/2023 Put $428.00","STC","1","$0.02","$1.98"
"10/13/2023","10/13/2023","10/16/2023","SPY","SPY 10/13/2023 Put $428.00","BTO","1","$0.14","($14.00)"
"10/13/2023","10/13/2023","10/16/2023","SPY","SPY 10/13/2023 Call $436.00","BTO","1","$0.08","($8.00)"
"10/12/2023","10/12/2023","10/13/2023","SPY","SPY 10/12/2023 Put $432.00","STC","1","$1.00","$99.98"
"10/12/2023","10/12/2023","10/13/2023","SPY","SPY 10/12/2023 Put $432.00","BTO","1","$0.14","($14.00)"
"10/10/2023","10/10/2023","10/11/2023","SPY","SPY 10/13/2023 Call $444.00","STC","1","$0.30","$29.98"
"10/9/2023","10/9/2023","10/10/2023","SPY","SPY 10/13/2023 Call $444.00","BTO","1","$0.07","($7.00)"
"10/6/2023","10/6/2023","10/10/2023","SPY","SPY 10/6/2023 Call $430.00","STC","1","$0.21","$20.98"
"10/6/2023","10/6/2023","10/10/2023","SPY","SPY 10/6/2023 Call $425.00","STC","1","$0.80","$79.98"
"10/6/2023","10/6/2023","10/10/2023","SPY","SPY 10/6/2023 Call $425.00","BTO","1","$0.43","($43.00)"
"10/6/2023","10/6/2023","10/10/2023","SPY","SPY 10/6/2023 Call $430.00","BTO","1","$0.04","($4.00)"
"10/6/2023","10/6/2023","10/11/2023","SPXU","ProShares UltraPro Short S&P 500 ETF
CUSIP: 74347B110","Sell","40","$12.40","$496.04"
"10/5/2023","10/5/2023","10/10/2023","SPXU","ProShares UltraPro Short S&P 500 ETF
CUSIP: 74347B110","Buy","10","$12.35","($123.50)"
"10/5/2023","10/5/2023","10/6/2023","SPY","SPY 10/5/2023 Put $422.00","STC","1","$1.13","$112.98"
"10/5/2023","10/5/2023","10/6/2023","SPY","SPY 10/5/2023 Put $422.00","BTO","1","$0.82","($82.00)"
"10/5/2023","10/5/2023","10/6/2023","SPY","SPY 11/3/2023 Call $443.00","STC","1","$1.40","$139.98"
"10/5/2023","10/5/2023","10/6/2023","SPY","SPY 11/3/2023 Call $443.00","BTO","1","$1.55","($155.00)"
"10/4/2023","10/4/2023","10/6/2023","SPXU","ProShares UltraPro Short S&P 500 ETF
CUSIP: 74347B110","Buy","10","$12.52","($125.19)"
"10/3/2023","10/3/2023","10/5/2023","UPRO","ProShares UltraPro S&P 500 ETF
CUSIP: 74347X864","Sell","6","$39.48","$236.89"
"10/3/2023","10/3/2023","10/5/2023","UPRO","ProShares UltraPro S&P 500 ETF
CUSIP: 74347X864","Sell","6","$39.28","$235.68"
"10/3/2023","10/3/2023","10/5/2023","UPRO","ProShares UltraPro S&P 500 ETF
CUSIP: 74347X864","Buy","2","$40.51","($81.02)"
"10/2/2023","10/2/2023","10/4/2023","UPRO","ProShares UltraPro S&P 500 ETF
CUSIP: 74347X864","Buy","10","$40.61","($406.13)"
"10/2/2023","10/2/2023","10/4/2023","SPXU","ProShares UltraPro Short S&P 500 ETF
CUSIP: 74347B110","Buy","10","$12.15","($121.50)"
"10/2/2023","10/2/2023","10/4/2023","SPXU","ProShares UltraPro Short S&P 500 ETF
CUSIP: 74347B110","Buy","10","$12.18","($121.80)"
"9/29/2023","9/29/2023","10/3/2023","UPRO","ProShares UltraPro S&P 500 ETF
CUSIP: 74347X864","Sell","4","$41.69","$166.77"
"9/28/2023","9/28/2023","10/2/2023","UPRO","ProShares UltraPro S&P 500 ETF
CUSIP: 74347X864","Buy","2","$41.42","($82.84)"
"9/28/2023","9/28/2023","9/29/2023","UVXY","UVXY 12/15/2023 Put $15.00","STC","1","$2.85","$284.98"
"9/27/2023","9/27/2023","9/27/2023","SPXU","Cash Div: R/D 2023-09-21 P/D 2023-09-27 - 10 shares at 0.173985","CDIV","","","$1.74"
"9/27/2023","9/27/2023","9/29/2023","UPRO","ProShares UltraPro S&P 500 ETF
CUSIP: 74347X864","Buy","2","$40.58","($81.16)"
"9/27/2023","9/27/2023","9/28/2023","UVXY","UVXY 12/15/2023 Call $10.00","STC","1","$7.20","$719.98"
"9/27/2023","9/27/2023","9/28/2023","UVXY","UVXY 12/15/2023 Call $10.00","BTO","1","$7.40","($740.00)"
"9/27/2023","9/27/2023","9/28/2023","UVXY","UVXY 12/15/2023 Put $15.00","BTO","1","$2.52","($252.00)"
"9/27/2023","9/27/2023","9/29/2023","SPXU","ProShares UltraPro Short S&P 500 ETF
CUSIP: 74347B110","Sell","19","$12.06","$229.24"
"9/27/2023","9/27/2023","9/29/2023","UPRO","ProShares UltraPro S&P 500 ETF
CUSIP: 74347X864","Sell","6","$39.93","$239.58"
"9/27/2023","9/27/2023","9/29/2023","UPRO","ProShares UltraPro S&P 500 ETF
CUSIP: 74347X864","Sell","7","$40.90","$286.31"
"9/26/2023","9/26/2023","9/28/2023","SPXU","ProShares UltraPro Short S&P 500 ETF
CUSIP: 74347B110","Sell","16","$12.04","$192.56"
"9/26/2023","9/26/2023","9/28/2023","UPRO","ProShares UltraPro S&P 500 ETF
CUSIP: 74347X864","Buy","2","$40.63","($81.26)"
"9/26/2023","9/26/2023","9/28/2023","UPRO","ProShares UltraPro S&P 500 ETF
CUSIP: 74347X864","Buy","2","$40.72","($81.45)"
"9/26/2023","9/26/2023","9/28/2023","UPRO","ProShares UltraPro S&P 500 ETF
CUSIP: 74347X864","Buy","2","$40.78","($81.57)"
"9/26/2023","9/26/2023","9/28/2023","UPRO","ProShares UltraPro S&P 500 ETF
CUSIP: 74347X864","Buy","1","$40.95","($40.95)"
"9/26/2023","9/26/2023","9/28/2023","SPXU","ProShares UltraPro Short S&P 500 ETF
CUSIP: 74347B110","Buy","10","$11.96","($119.57)"
"9/26/2023","9/26/2023","9/28/2023","SPXU","ProShares UltraPro Short S&P 500 ETF
CUSIP: 74347B110","Buy","5","$11.82","($59.10)"
"9/25/2023","9/25/2023","9/27/2023","UPRO","ProShares UltraPro S&P 500 ETF
CUSIP: 74347X864","Buy","2","$42.24","($84.49)"
"9/25/2023","9/25/2023","9/27/2023","UPRO","ProShares UltraPro S&P 500 ETF
CUSIP: 74347X864","Buy","4","$42.51","($170.04)"
"9/25/2023","9/25/2023","9/27/2023","SPXU","ProShares UltraPro Short S&P 500 ETF
CUSIP: 74347B110","Buy","10","$11.60","($116.05)"
"9/25/2023","9/25/2023","9/27/2023","SPXU","ProShares UltraPro Short S&P 500 ETF
CUSIP: 74347B110","Buy","10","$11.70","($117.00)"
"9/25/2023","9/25/2023","9/27/2023","UPRO","ProShares UltraPro S&P 500 ETF
CUSIP: 74347X864","Sell","2","$42.10","$84.19"
"9/22/2023","9/22/2023","9/26/2023","UPRO","ProShares UltraPro S&P 500 ETF
CUSIP: 74347X864","Buy","2","$42.25","($84.50)"
"9/22/2023","9/22/2023","9/26/2023","SPXU","ProShares UltraPro Short S&P 500 ETF
CUSIP: 74347B110","Sell","5","$11.54","$57.70"
"9/22/2023","9/22/2023","9/26/2023","SPXU","ProShares UltraPro Short S&P 500 ETF
CUSIP: 74347B110","Sell","2","$11.54","$23.08"
"9/22/2023","9/22/2023","9/26/2023","SPXU","ProShares UltraPro Short S&P 500 ETF
CUSIP: 74347B110","Sell","1","$11.58","$11.58"
"9/22/2023","9/22/2023","9/26/2023","SPXU","ProShares UltraPro Short S&P 500 ETF
CUSIP: 74347B110","Sell","2","$11.57","$23.14"
"9/22/2023","9/22/2023","9/26/2023","UPRO","ProShares UltraPro S&P 500 ETF
CUSIP: 74347X864","Sell","2","$42.97","$85.94"
"9/22/2023","9/22/2023","9/26/2023","UPRO","ProShares UltraPro S&P 500 ETF
CUSIP: 74347X864","Sell","1","$43.07","$43.07"
"9/22/2023","9/22/2023","9/26/2023","UPRO","ProShares UltraPro S&P 500 ETF
CUSIP: 74347X864","Sell","1","$43.03","$43.03"
"9/21/2023","9/21/2023","9/25/2023","SPXU","ProShares UltraPro Short S&P 500 ETF
CUSIP: 74347B110","Sell","10","$11.49","$114.90"
"9/20/2023","9/20/2023","9/22/2023","SPXU","ProShares UltraPro Short S&P 500 ETF
CUSIP: 74347B110","Sell","20","$10.98","$219.60"
"9/20/2023","9/20/2023","9/22/2023","SPXU","ProShares UltraPro Short S&P 500 ETF
CUSIP: 74347B110","Buy","10","$10.71","($107.08)"
"9/20/2023","9/20/2023","9/22/2023","SPXU","ProShares UltraPro Short S&P 500 ETF
CUSIP: 74347B110","Buy","10","$10.77","($107.70)"
"9/20/2023","9/20/2023","9/22/2023","UPRO","ProShares UltraPro S&P 500 ETF
CUSIP: 74347X864","Buy","2","$46.17","($92.34)"
"9/20/2023","9/20/2023","9/22/2023","UPRO","ProShares UltraPro S&P 500 ETF
CUSIP: 74347X864","Buy","2","$46.25","($92.50)"
"9/20/2023","9/20/2023","9/22/2023","SPXU","ProShares UltraPro Short S&P 500 ETF
CUSIP: 74347B110","Buy","10","$10.64","($106.39)"
"9/19/2023","9/19/2023","9/21/2023","SPXU","ProShares UltraPro Short S&P 500 ETF
CUSIP: 74347B110","Buy","10","$10.94","($109.40)"
"9/19/2023","9/19/2023","9/21/2023","SPXU","ProShares UltraPro Short S&P 500 ETF
CUSIP: 74347B110","Sell","15","$10.98","$164.70"
"9/19/2023","9/19/2023","9/21/2023","SPXU","ProShares UltraPro Short S&P 500 ETF
CUSIP: 74347B110","Sell","15","$11.03","$165.50"
"9/19/2023","9/19/2023","9/20/2023","SPY","SPY 10/6/2023 Put $435.00","STC","1","$2.21","$220.98"
"9/15/2023","9/15/2023","9/18/2023","SPY","SPY 10/6/2023 Put $435.00","BTO","1","$1.99","($199.00)"
"9/15/2023","9/15/2023","9/19/2023","UPRO","ProShares UltraPro S&P 500 ETF
CUSIP: 74347X864","Sell","6","$46.22","$277.34"
"9/15/2023","9/15/2023","9/19/2023","SPXU","ProShares UltraPro Short S&P 500 ETF
CUSIP: 74347B110","Buy","10","$10.70","($106.97)"
"9/15/2023","9/15/2023","9/19/2023","SPXU","ProShares UltraPro Short S&P 500 ETF
CUSIP: 74347B110","Buy","20","$10.66","($213.14)"
"9/15/2023","9/15/2023","9/19/2023","UPRO","ProShares UltraPro S&P 500 ETF
CUSIP: 74347X864","Buy","2","$47.36","($94.72)"
"9/15/2023","9/15/2023","9/19/2023","UPRO","ProShares UltraPro S&P 500 ETF
CUSIP: 74347X864","Buy","2","$47.52","($95.05)"
"9/14/2023","9/14/2023","9/18/2023","UPRO","ProShares UltraPro S&P 500 ETF
CUSIP: 74347X864","Sell","2","$48.10","$96.20"
"9/14/2023","9/14/2023","9/18/2023","UPRO","ProShares UltraPro S&P 500 ETF
CUSIP: 74347X864","Buy","1","$47.33","($47.33)"
"9/14/2023","9/14/2023","9/18/2023","UPRO","ProShares UltraPro S&P 500 ETF
CUSIP: 74347X864","Buy","1","$47.48","($47.48)"
"9/13/2023","9/13/2023","9/15/2023","UPRO","ProShares UltraPro S&P 500 ETF
CUSIP: 74347X864","Buy","2","$46.78","($93.57)"
"9/13/2023","9/13/2023","9/15/2023","SPXU","ProShares UltraPro Short S&P 500 ETF
CUSIP: 74347B110","Sell","12","$10.68","$128.13"
"9/13/2023","9/13/2023","9/15/2023","SPXU","ProShares UltraPro Short S&P 500 ETF
CUSIP: 74347B110","Sell","10","$10.68","$106.80"
"9/12/2023","9/12/2023","9/14/2023","SPXU","ProShares UltraPro Short S&P 500 ETF
CUSIP: 74347B110","Buy","10","$10.68","($106.85)"
"9/11/2023","9/11/2023","9/13/2023","UPRO","ProShares UltraPro S&P 500 ETF
CUSIP: 74347X864","Sell","1","$47.09","$47.09"
"9/11/2023","9/11/2023","9/13/2023","UPRO","ProShares UltraPro S&P 500 ETF
CUSIP: 74347X864","Sell","1","$47.19","$47.19"
"9/11/2023","9/11/2023","9/13/2023","UPRO","ProShares UltraPro S&P 500 ETF
CUSIP: 74347X864","Sell","1","$47.44","$47.44"
"9/8/2023","9/8/2023","9/12/2023","SPXU","ProShares UltraPro Short S&P 500 ETF
CUSIP: 74347B110","Buy","12","$10.72","($128.70)"
"9/8/2023","9/8/2023","9/12/2023","UPRO","ProShares UltraPro S&P 500 ETF
CUSIP: 74347X864","Buy","3","$47.13","($141.39)"
"9/8/2023","9/8/2023","9/12/2023","SPXU","ProShares UltraPro Short S&P 500 ETF
CUSIP: 74347B110","Sell","40","$10.67","$426.80"
"9/7/2023","9/7/2023","9/11/2023","SPXU","ProShares UltraPro Short S&P 500 ETF
CUSIP: 74347B110","Buy","10","$10.84","($108.40)"
"9/6/2023","9/6/2023","9/8/2023","SPXU","ProShares UltraPro Short S&P 500 ETF
CUSIP: 74347B110","Buy","15","$10.71","($160.60)"
"9/6/2023","9/6/2023","9/8/2023","SPXU","ProShares UltraPro Short S&P 500 ETF
CUSIP: 74347B110","Sell","15","$10.82","$162.23"
"9/6/2023","9/6/2023","9/8/2023","SPXU","ProShares UltraPro Short S&P 500 ETF
CUSIP: 74347B110","Buy","20","$10.76","($215.13)"
"9/6/2023","9/6/2023","9/8/2023","SPXU","ProShares UltraPro Short S&P 500 ETF
CUSIP: 74347B110","Buy","10","$10.55","($105.55)"
"9/6/2023","9/6/2023","9/8/2023","UPRO","ProShares UltraPro S&P 500 ETF
CUSIP: 74347X864","Sell","3","$47.57","$142.72"
"9/5/2023","9/5/2023","9/7/2023","SPXU","ProShares UltraPro Short S&P 500 ETF
CUSIP: 74347B110","Sell","10","$10.41","$104.12"
"9/5/2023","9/5/2023","9/7/2023","UPRO","ProShares UltraPro S&P 500 ETF
CUSIP: 74347X864","Sell","2","$48.03","$96.05"
"9/1/2023","9/1/2023","9/6/2023","SPXU","ProShares UltraPro Short S&P 500 ETF
CUSIP: 74347B110","Sell","20","$10.36","$207.20"
"9/1/2023","9/1/2023","9/6/2023","UPRO","ProShares UltraPro S&P 500 ETF
CUSIP: 74347X864","Sell","5","$49.11","$245.56"
"8/31/2023","8/31/2023","9/5/2023","SPXU","ProShares UltraPro Short S&P 500 ETF
CUSIP: 74347B110","Buy","20","$10.33","($206.64)"
"8/31/2023","8/31/2023","9/5/2023","UPRO","ProShares UltraPro S&P 500 ETF
CUSIP: 74347X864","Buy","10","$48.83","($488.30)"
"8/31/2023","8/31/2023","9/5/2023","SPXU","ProShares UltraPro Short S&P 500 ETF
CUSIP: 74347B110","Sell","10","$10.36","$103.65"
"8/31/2023","8/31/2023","9/5/2023","UPRO","ProShares UltraPro S&P 500 ETF
CUSIP: 74347X864","Sell","6","$48.65","$291.92"
"8/30/2023","8/30/2023","9/1/2023","UPRO","ProShares UltraPro S&P 500 ETF
CUSIP: 74347X864","Buy","5","$48.32","($241.58)"
"8/29/2023","8/29/2023","8/31/2023","SPXU","ProShares UltraPro Short S&P 500 ETF
CUSIP: 74347B110","Buy","20","$10.51","($210.26)"
"8/29/2023","8/29/2023","8/31/2023","UPRO","ProShares UltraPro S&P 500 ETF
CUSIP: 74347X864","Sell","2","$47.67","$95.34"
"8/25/2023","8/25/2023","8/29/2023","SPXU","ProShares UltraPro Short S&P 500 ETF
CUSIP: 74347B110","Sell","13","$11.22","$145.80"
"8/25/2023","8/25/2023","8/29/2023","UPRO","ProShares UltraPro S&P 500 ETF
CUSIP: 74347X864","Buy","3","$44.81","($134.42)"
"8/25/2023","8/25/2023","8/29/2023","SPXU","ProShares UltraPro Short S&P 500 ETF
CUSIP: 74347B110","Sell","15","$11.32","$169.82"
"8/25/2023","8/25/2023","8/29/2023","SPXU","ProShares UltraPro Short S&P 500 ETF
CUSIP: 74347B110","Sell","10","$11.40","$114.03"
"8/24/2023","8/24/2023","8/28/2023","SPXU","ProShares UltraPro Short S&P 500 ETF
CUSIP: 74347B110","Buy","20","$11.16","($223.10)"
"8/23/2023","8/23/2023","8/25/2023","SPXU","ProShares UltraPro Short S&P 500 ETF
CUSIP: 74347B110","Sell","20","$10.89","$217.80"
"8/22/2023","8/22/2023","8/24/2023","SPXU","ProShares UltraPro Short S&P 500 ETF
CUSIP: 74347B110","Buy","10","$11.22","($112.18)"
"8/22/2023","8/22/2023","8/24/2023","UPRO","ProShares UltraPro S&P 500 ETF
CUSIP: 74347X864","Sell","2","$44.96","$89.92"
"8/21/2023","8/21/2023","8/23/2023","UPRO","ProShares UltraPro S&P 500 ETF
CUSIP: 74347X864","Buy","2","$44.04","($88.07)"
"8/18/2023","8/18/2023","8/22/2023","UPRO","ProShares UltraPro S&P 500 ETF
CUSIP: 74347X864","Sell","2","$43.84","$87.67"
"8/18/2023","8/18/2023","8/22/2023","UPRO","ProShares UltraPro S&P 500 ETF
CUSIP: 74347X864","Sell","1","$43.65","$43.65"
"8/18/2023","8/18/2023","8/22/2023","UPRO","ProShares UltraPro S&P 500 ETF
CUSIP: 74347X864","Sell","2","$43.32","$86.65"
"8/17/2023","8/17/2023","8/21/2023","SPXU","ProShares UltraPro Short S&P 500 ETF
CUSIP: 74347B110","Buy","10","$11.21","($112.09)"
"8/17/2023","8/17/2023","8/21/2023","UPRO","ProShares UltraPro S&P 500 ETF
CUSIP: 74347X864","Buy","5","$45.43","($227.15)"
"8/17/2023","8/17/2023","8/21/2023","UPRO","ProShares UltraPro S&P 500 ETF
CUSIP: 74347X864","Sell","5","$45.18","$225.92"
"8/16/2023","8/16/2023","8/18/2023","SPXU","ProShares UltraPro Short S&P 500 ETF
CUSIP: 74347B110","Sell","17","$11.04","$187.70"
"8/15/2023","8/15/2023","8/17/2023","UPRO","ProShares UltraPro S&P 500 ETF
CUSIP: 74347X864","Sell","5","$46.27","$231.36"
"8/15/2023","8/15/2023","8/17/2023","SPXU","ProShares UltraPro Short S&P 500 ETF
CUSIP: 74347B110","Buy","10","$10.81","($108.07)"
"8/15/2023","8/15/2023","8/17/2023","SPXU","ProShares UltraPro Short S&P 500 ETF
CUSIP: 74347B110","Buy","10","$10.80","($107.98)"
"8/15/2023","8/15/2023","8/17/2023","UPRO","ProShares UltraPro S&P 500 ETF
CUSIP: 74347X864","Buy","1","$47.54","($47.54)"
"8/14/2023","8/14/2023","8/16/2023","UPRO","ProShares UltraPro S&P 500 ETF
CUSIP: 74347X864","Buy","1","$47.03","($47.03)"
"8/11/2023","8/11/2023","8/15/2023","UPRO","ProShares UltraPro S&P 500 ETF
CUSIP: 74347X864","Buy","1","$47.37","($47.37)"
"8/11/2023","8/11/2023","8/15/2023","SPXU","ProShares UltraPro Short S&P 500 ETF
CUSIP: 74347B110","Buy","5","$10.81","($54.04)"
"8/11/2023","8/11/2023","8/15/2023","SPXU","ProShares UltraPro Short S&P 500 ETF
CUSIP: 74347B110","Buy","10","$10.81","($108.09)"
"8/10/2023","8/10/2023","8/14/2023","UPRO","ProShares UltraPro S&P 500 ETF
CUSIP: 74347X864","Buy","2","$47.91","($95.82)"
"8/9/2023","8/9/2023","8/11/2023","UPRO","ProShares UltraPro S&P 500 ETF
CUSIP: 74347X864","Buy","1","$48.02","($48.02)"
"8/8/2023","8/8/2023","8/10/2023","UPRO","ProShares UltraPro S&P 500 ETF
CUSIP: 74347X864","Buy","1","$48.14","($48.15)"
"8/8/2023","8/8/2023","8/10/2023","SPXU","ProShares UltraPro Short S&P 500 ETF
CUSIP: 74347B110","Sell","4","$10.46","$41.85"
"8/8/2023","8/8/2023","8/10/2023","UPRO","ProShares UltraPro S&P 500 ETF
CUSIP: 74347X864","Buy","1","$47.86","($47.86)"
"8/8/2023","8/8/2023","8/10/2023","SPXU","ProShares UltraPro Short S&P 500 ETF
CUSIP: 74347B110","Sell","4","$10.53","$42.12"
"8/4/2023","8/4/2023","8/8/2023","SPXU","ProShares UltraPro Short S&P 500 ETF
CUSIP: 74347B110","Sell","7","$10.55","$73.85"
"8/4/2023","8/4/2023","8/8/2023","UPRO","ProShares UltraPro S&P 500 ETF
CUSIP: 74347X864","Sell","2","$48.86","$97.71"
"8/2/2023","8/2/2023","8/4/2023","SPXU","ProShares UltraPro Short S&P 500 ETF
CUSIP: 74347B110","Sell","15","$10.28","$154.23"
"7/31/2023","7/31/2023","8/2/2023","SPXU","ProShares UltraPro Short S&P 500 ETF
CUSIP: 74347B110","Buy","10","$9.87","($98.69)"
"7/27/2023","7/27/2023","7/31/2023","UPRO","ProShares UltraPro S&P 500 ETF
CUSIP: 74347X864","Buy","1","$50.15","($50.15)"
"7/27/2023","7/27/2023","7/31/2023","SPXU","ProShares UltraPro Short S&P 500 ETF
CUSIP: 74347B110","Buy","10","$9.87","($98.71)"
"7/27/2023","7/27/2023","7/31/2023","UPRO","ProShares UltraPro S&P 500 ETF
CUSIP: 74347X864","Buy","3","$51.57","($154.71)"
"7/26/2023","7/26/2023","7/28/2023","UPRO","ProShares UltraPro S&P 500 ETF
CUSIP: 74347X864","Sell","1","$51.03","$51.03"
"7/25/2023","7/25/2023","7/27/2023","SPXU","ProShares UltraPro Short S&P 500 ETF
CUSIP: 74347B110","Buy","10","$9.86","($98.63)"
"7/24/2023","7/24/2023","7/26/2023","SPXU","ProShares UltraPro Short S&P 500 ETF
CUSIP: 74347B110","Sell","10","$10.01","$100.10"
"7/24/2023","7/24/2023","7/25/2023","AMC","AMC 9/15/2023 Call $7.00","STC","1","$0.47","$46.98"
"7/6/2023","7/6/2023","7/10/2023","SPXU","ProShares UltraPro Short S&P 500 ETF
CUSIP: 74347B110","Buy","10","$11.08","($110.80)"
"7/6/2023","7/6/2023","7/10/2023","UPRO","ProShares UltraPro S&P 500 ETF
CUSIP: 74347X864","Sell","4","$45.44","$181.74"
"6/29/2023","6/29/2023","7/3/2023","UPRO","ProShares UltraPro S&P 500 ETF
CUSIP: 74347X864","Buy","5","$45.81","($229.05)"
"6/29/2023","6/29/2023","7/3/2023","SPXU","ProShares UltraPro Short S&P 500 ETF
CUSIP: 74347B110","Sell","10","$11.03","$110.33"
"6/28/2023","6/28/2023","6/28/2023","SPXU","Cash Div: R/D 2023-06-22 P/D 2023-06-28 - 20 shares at 0.136673","CDIV","","","$2.73"
"6/28/2023","6/28/2023","6/30/2023","SPXU","ProShares UltraPro Short S&P 500 ETF
CUSIP: 74347B110","Buy","10","$11.23","($112.28)"
"6/28/2023","6/28/2023","6/30/2023","UPRO","ProShares UltraPro S&P 500 ETF
CUSIP: 74347X864","Sell","1","$45.00","$45.00"
"6/22/2023","6/22/2023","6/26/2023","UPRO","ProShares UltraPro S&P 500 ETF
CUSIP: 74347X864","Buy","1","$45.05","($45.05)"
"6/21/2023","6/21/2023","6/23/2023","SPXU","ProShares UltraPro Short S&P 500 ETF
CUSIP: 74347B110","Sell","20","$11.18","$223.50"
"6/20/2023","6/20/2023","6/22/2023","UPRO","ProShares UltraPro S&P 500 ETF
CUSIP: 74347X864","Sell","3","$45.86","$137.58"
"6/20/2023","6/20/2023","6/22/2023","SPXU","ProShares UltraPro Short S&P 500 ETF
CUSIP: 74347B110","Buy","10","$11.19","($111.90)"
"6/20/2023","6/20/2023","6/22/2023","UPRO","ProShares UltraPro S&P 500 ETF
CUSIP: 74347X864","Sell","3","$45.28","$135.85"
"6/16/2023","6/16/2023","6/21/2023","UPRO","ProShares UltraPro S&P 500 ETF
CUSIP: 74347X864","Buy","3","$47.32","($141.95)"
"6/16/2023","6/16/2023","6/21/2023","UPRO","ProShares UltraPro S&P 500 ETF
CUSIP: 74347X864","Sell","3","$47.23","$141.69"
"6/16/2023","6/16/2023","6/21/2023","SPXU","ProShares UltraPro Short S&P 500 ETF
CUSIP: 74347B110","Buy","10","$10.85","($108.48)"
"6/15/2023","6/15/2023","6/20/2023","SPXU","ProShares UltraPro Short S&P 500 ETF
CUSIP: 74347B110","Sell","10","$11.08","$110.80"
"6/15/2023","6/15/2023","6/20/2023","SPXU","ProShares UltraPro Short S&P 500 ETF
CUSIP: 74347B110","Buy","10","$11.18","($111.77)"
"6/14/2023","6/14/2023","6/16/2023","SPXU","ProShares UltraPro Short S&P 500 ETF
CUSIP: 74347B110","Sell","12","$11.15","$133.80"
"6/14/2023","6/14/2023","6/16/2023","UPRO","ProShares UltraPro S&P 500 ETF
CUSIP: 74347X864","Buy","3","$45.72","($137.17)"
"6/14/2023","6/14/2023","6/16/2023","SPXU","ProShares UltraPro Short S&P 500 ETF
CUSIP: 74347B110","Buy","6","$11.30","($67.83)"
"6/13/2023","6/13/2023","6/15/2023","SPXU","ProShares UltraPro Short S&P 500 ETF
CUSIP: 74347B110","Sell","6","$11.33","$67.98"
"6/13/2023","6/13/2023","6/15/2023","UPRO","ProShares UltraPro S&P 500 ETF
CUSIP: 74347X864","Sell","2","$44.96","$89.91"
"6/8/2023","6/8/2023","6/12/2023","SPXU","ProShares UltraPro Short S&P 500 ETF
CUSIP: 74347B110","Sell","15","$12.02","$180.23"
"6/8/2023","6/8/2023","6/12/2023","UPRO","ProShares UltraPro S&P 500 ETF
CUSIP: 74347X864","Buy","5","$42.52","($212.63)"
"6/7/2023","6/7/2023","6/9/2023","SPXU","ProShares UltraPro Short S&P 500 ETF
CUSIP: 74347B110","Buy","5","$11.99","($59.96)"
"6/6/2023","6/6/2023","6/8/2023","UPRO","ProShares UltraPro S&P 500 ETF
CUSIP: 74347X864","Sell","4","$42.22","$168.88"
"6/2/2023","6/2/2023","6/6/2023","UPRO","ProShares UltraPro S&P 500 ETF
CUSIP: 74347X864","Buy","4","$42.70","($170.80)"
"6/1/2023","6/1/2023","6/5/2023","SPXU","ProShares UltraPro Short S&P 500 ETF
CUSIP: 74347B110","Buy","10","$12.49","($124.88)"
"5/31/2023","5/31/2023","6/2/2023","SPXU","ProShares UltraPro Short S&P 500 ETF
CUSIP: 74347B110","Buy","10","$12.89","($128.86)"
"5/31/2023","5/31/2023","6/2/2023","UPRO","ProShares UltraPro S&P 500 ETF
CUSIP: 74347X864","Sell","3","$39.90","$119.70"
"5/30/2023","5/30/2023","6/1/2023","UPRO","ProShares UltraPro S&P 500 ETF
CUSIP: 74347X864","Sell","3","$40.85","$122.56"
"5/30/2023","5/30/2023","6/1/2023","SPXU","ProShares UltraPro Short S&P 500 ETF
CUSIP: 74347B110","Sell","6","$12.50","$75.02"
"5/30/2023","5/30/2023","6/1/2023","SPXU","ProShares UltraPro Short S&P 500 ETF
CUSIP: 74347B110","Sell","8","$12.45","$99.61"
"5/26/2023","5/26/2023","5/31/2023","SPXU","ProShares UltraPro Short S&P 500 ETF
CUSIP: 74347B110","Buy","8","$12.63","($101.01)"
"5/26/2023","5/26/2023","5/31/2023","SPXU","ProShares UltraPro Short S&P 500 ETF
CUSIP: 74347B110","Sell","7","$13.01","$91.07"
"5/25/2023","5/25/2023","5/30/2023","SPXU","ProShares UltraPro Short S&P 500 ETF
CUSIP: 74347B110","Buy","5","$13.17","($65.83)"
"5/25/2023","5/25/2023","5/30/2023","SPXU","ProShares UltraPro Short S&P 500 ETF
CUSIP: 74347B110","Buy","5","$13.23","($66.15)"
"5/25/2023","5/25/2023","5/30/2023","SPXU","ProShares UltraPro Short S&P 500 ETF
CUSIP: 74347B110","Buy","5","$13.17","($65.86)"
"5/25/2023","5/25/2023","5/30/2023","UPRO","ProShares UltraPro S&P 500 ETF
CUSIP: 74347X864","Buy","2","$39.01","($78.02)"
"5/24/2023","5/24/2023","5/26/2023","SPXU","ProShares UltraPro Short S&P 500 ETF
CUSIP: 74347B110","Sell","10","$13.44","$134.35"
"5/24/2023","5/24/2023","5/26/2023","UPRO","ProShares UltraPro S&P 500 ETF
CUSIP: 74347X864","Buy","4","$37.93","($151.71)"
"5/23/2023","5/23/2023","5/25/2023","SPXU","ProShares UltraPro Short S&P 500 ETF
CUSIP: 74347B110","Buy","10","$13.01","($130.07)"
"5/23/2023","5/23/2023","5/25/2023","UPRO","ProShares UltraPro S&P 500 ETF
CUSIP: 74347X864","Sell","3","$39.65","$118.95"
"5/22/2023","5/22/2023","5/24/2023","UPRO","ProShares UltraPro S&P 500 ETF
CUSIP: 74347X864","Sell","2","$40.51","$81.02"
"5/18/2023","5/18/2023","5/22/2023","UPRO","ProShares UltraPro S&P 500 ETF
CUSIP: 74347X864","Sell","2","$39.51","$79.02"
"5/18/2023","5/18/2023","5/22/2023","UPRO","ProShares UltraPro S&P 500 ETF
CUSIP: 74347X864","Sell","2","$39.90","$79.80"
"5/17/2023","5/17/2023","5/19/2023","UPRO","ProShares UltraPro S&P 500 ETF
CUSIP: 74347X864","Buy","5","$39.02","($195.13)"
"5/17/2023","5/17/2023","5/19/2023","SPXU","ProShares UltraPro Short S&P 500 ETF
CUSIP: 74347B110","Sell","5","$13.21","$66.07"
"5/16/2023","5/16/2023","5/18/2023","UPRO","ProShares UltraPro S&P 500 ETF
CUSIP: 74347X864","Sell","4","$38.38","$153.54"
"5/15/2023","5/15/2023","5/17/2023","UPRO","ProShares UltraPro S&P 500 ETF
CUSIP: 74347X864","Buy","2","$38.24","($76.48)"
"5/12/2023","5/12/2023","5/16/2023","UPRO","ProShares UltraPro S&P 500 ETF
CUSIP: 74347X864","Buy","2","$37.88","($75.77)"
"5/12/2023","5/12/2023","5/16/2023","UPRO","ProShares UltraPro S&P 500 ETF
CUSIP: 74347X864","Buy","2","$37.96","($75.92)"
"5/12/2023","5/12/2023","5/16/2023","UPRO","ProShares UltraPro S&P 500 ETF
CUSIP: 74347X864","Buy","2","$37.91","($75.81)"
"5/12/2023","5/12/2023","5/16/2023","SPXU","ProShares UltraPro Short S&P 500 ETF
CUSIP: 74347B110","Buy","5","$13.24","($66.21)"
"5/11/2023","5/11/2023","5/15/2023","SPXU","ProShares UltraPro Short S&P 500 ETF
CUSIP: 74347B110","Sell","8","$13.37","$106.95"
"5/11/2023","5/11/2023","5/15/2023","SPXU","ProShares UltraPro Short S&P 500 ETF
CUSIP: 74347B110","Sell","7","$13.35","$93.46"
"5/11/2023","5/11/2023","5/15/2023","UPRO","ProShares UltraPro S&P 500 ETF
CUSIP: 74347X864","Sell","2","$38.39","$76.78"
"5/11/2023","5/11/2023","5/15/2023","UPRO","ProShares UltraPro S&P 500 ETF
CUSIP: 74347X864","Sell","2","$38.52","$77.04"
"5/11/2023","5/11/2023","5/15/2023","UPRO","ProShares UltraPro S&P 500 ETF
CUSIP: 74347X864","Sell","2","$38.51","$77.02"
"5/11/2023","5/11/2023","5/15/2023","UPRO","ProShares UltraPro S&P 500 ETF
CUSIP: 74347X864","Sell","2","$38.51","$77.02"
"5/11/2023","5/11/2023","5/15/2023","SPXU","ProShares UltraPro Short S&P 500 ETF
CUSIP: 74347B110","Sell","15","$13.43","$201.48"
"5/10/2023","5/10/2023","5/12/2023","SPXU","ProShares UltraPro Short S&P 500 ETF
CUSIP: 74347B110","Buy","30","$13.54","($406.10)"
"5/10/2023","5/10/2023","5/12/2023","UPRO","ProShares UltraPro S&P 500 ETF
CUSIP: 74347X864","Buy","2","$38.70","($77.40)"
"5/10/2023","5/10/2023","5/12/2023","UPRO","ProShares UltraPro S&P 500 ETF
CUSIP: 74347X864","Buy","2","$38.96","($77.92)"
"5/10/2023","5/10/2023","5/12/2023","UPRO","ProShares UltraPro S&P 500 ETF
CUSIP: 74347X864","Buy","2","$39.28","($78.56)"
"5/10/2023","5/10/2023","5/12/2023","SPXU","ProShares UltraPro Short S&P 500 ETF
CUSIP: 74347B110","Sell","5","$13.11","$65.56"
"5/9/2023","5/9/2023","5/11/2023","SPXU","ProShares UltraPro Short S&P 500 ETF
CUSIP: 74347B110","Buy","5","$13.37","($66.85)"
"5/9/2023","5/9/2023","5/11/2023","UPRO","ProShares UltraPro S&P 500 ETF
CUSIP: 74347X864","Buy","2","$38.58","($77.16)"
"5/8/2023","5/8/2023","5/10/2023","UPRO","ProShares UltraPro S&P 500 ETF
CUSIP: 74347X864","Sell","2","$38.58","$77.15"
"5/5/2023","5/5/2023","5/9/2023","UPRO","ProShares UltraPro S&P 500 ETF
CUSIP: 74347X864","Buy","1","$38.36","($38.36)"
"5/5/2023","5/5/2023","5/9/2023","UPRO","ProShares UltraPro S&P 500 ETF
CUSIP: 74347X864","Buy","1","$38.33","($38.33)"
"5/4/2023","5/4/2023","5/8/2023","SPXU","ProShares UltraPro Short S&P 500 ETF
CUSIP: 74347B110","Sell","5","$14.00","$69.98"
"5/4/2023","5/4/2023","5/8/2023","SPXU","ProShares UltraPro Short S&P 500 ETF
CUSIP: 74347B110","Sell","5","$14.08","$70.40"
"5/4/2023","5/4/2023","5/8/2023","SPXU","ProShares UltraPro Short S&P 500 ETF
CUSIP: 74347B110","Sell","5","$14.07","$70.37"
"5/3/2023","5/3/2023","5/5/2023","SPXU","ProShares UltraPro Short S&P 500 ETF
CUSIP: 74347B110","Buy","5","$13.61","($68.04)"
"5/3/2023","5/3/2023","5/5/2023","SPXU","ProShares UltraPro Short S&P 500 ETF
CUSIP: 74347B110","Buy","5","$13.29","($66.44)"
"5/3/2023","5/3/2023","5/5/2023","SPXU","ProShares UltraPro Short S&P 500 ETF
CUSIP: 74347B110","Buy","5","$13.28","($66.39)"
"5/3/2023","5/3/2023","5/5/2023","SPXU","ProShares UltraPro Short S&P 500 ETF
CUSIP: 74347B110","Sell","5","$13.33","$66.66"
"5/3/2023","5/3/2023","5/5/2023","SPXU","ProShares UltraPro Short S&P 500 ETF
CUSIP: 74347B110","Sell","5","$13.37","$66.85"
"5/2/2023","5/2/2023","5/4/2023","SPXU","ProShares UltraPro Short S&P 500 ETF
CUSIP: 74347B110","Sell","10","$13.62","$136.24"
"5/1/2023","5/1/2023","5/3/2023","SPXU","ProShares UltraPro Short S&P 500 ETF
CUSIP: 74347B110","Buy","5","$12.97","($64.85)"
"4/28/2023","4/28/2023","5/2/2023","SPXU","ProShares UltraPro Short S&P 500 ETF
CUSIP: 74347B110","Buy","5","$13.10","($65.48)"
"4/28/2023","4/28/2023","5/2/2023","SPXU","ProShares UltraPro Short S&P 500 ETF
CUSIP: 74347B110","Buy","10","$13.09","($130.88)"
"4/28/2023","4/28/2023","5/2/2023","UPRO","ProShares UltraPro S&P 500 ETF
CUSIP: 74347X864","Sell","3","$38.99","$116.98"
"4/26/2023","4/26/2023","4/28/2023","UPRO","ProShares UltraPro S&P 500 ETF
CUSIP: 74347X864","Buy","3","$37.54","($112.61)"
"4/25/2023","4/25/2023","4/27/2023","SPXU","ProShares UltraPro Short S&P 500 ETF
CUSIP: 74347B110","Sell","10","$13.86","$138.60"
"4/25/2023","4/25/2023","4/27/2023","SPXU","ProShares UltraPro Short S&P 500 ETF
CUSIP: 74347B110","Sell","10","$13.52","$135.23"
"4/24/2023","4/24/2023","4/26/2023","SPXU","ProShares UltraPro Short S&P 500 ETF
CUSIP: 74347B110","Buy","5","$13.33","($66.64)"
"4/24/2023","4/24/2023","4/26/2023","SPXU","ProShares UltraPro Short S&P 500 ETF
CUSIP: 74347B110","Buy","10","$13.45","($134.50)"
"4/24/2023","4/24/2023","4/26/2023","UPRO","ProShares UltraPro S&P 500 ETF
CUSIP: 74347X864","Sell","3","$38.82","$116.46"
"4/24/2023","4/24/2023","4/26/2023","SPXU","ProShares UltraPro Short S&P 500 ETF
CUSIP: 74347B110","Buy","5","$13.39","($66.94)"
"4/24/2023","4/24/2023","4/26/2023","UPRO","ProShares UltraPro S&P 500 ETF
CUSIP: 74347X864","Sell","3","$38.92","$116.76"
"4/24/2023","4/24/2023","4/26/2023","UPRO","ProShares UltraPro S&P 500 ETF
CUSIP: 74347X864","Sell","6","$39.11","$234.67"
"4/24/2023","4/24/2023","4/26/2023","SPXU","ProShares UltraPro Short S&P 500 ETF
CUSIP: 74347B110","Sell","10","$13.26","$132.60"
"4/21/2023","4/21/2023","4/25/2023","UPRO","ProShares UltraPro S&P 500 ETF
CUSIP: 74347X864","Buy","10","$38.77","($387.67)"
"4/21/2023","4/21/2023","4/25/2023","SPXU","ProShares UltraPro Short S&P 500 ETF
CUSIP: 74347B110","Buy","5","$13.39","($66.95)"
"4/20/2023","4/20/2023","4/24/2023","UPRO","ProShares UltraPro S&P 500 ETF
CUSIP: 74347X864","Buy","2","$39.08","($78.16)"
"4/20/2023","4/20/2023","4/24/2023","SPXU","ProShares UltraPro Short S&P 500 ETF
CUSIP: 74347B110","Buy","5","$13.37","($66.83)"
"4/20/2023","4/20/2023","4/24/2023","SPXU","ProShares UltraPro Short S&P 500 ETF
CUSIP: 74347B110","Sell","6","$13.27","$79.62"
"4/19/2023","4/19/2023","4/21/2023","UPRO","ProShares UltraPro S&P 500 ETF
CUSIP: 74347X864","Sell","4","$39.58","$158.34"
"4/19/2023","4/19/2023","4/21/2023","SPXU","ProShares UltraPro Short S&P 500 ETF
CUSIP: 74347B110","Buy","6","$13.28","($79.65)"
"4/18/2023","4/18/2023","4/20/2023","SPXU","ProShares UltraPro Short S&P 500 ETF
CUSIP: 74347B110","Sell","5","$13.07","$65.37"
"4/18/2023","4/18/2023","4/20/2023","UPRO","ProShares UltraPro S&P 500 ETF
CUSIP: 74347X864","Buy","1","$39.47","($39.47)"
"4/18/2023","4/18/2023","4/20/2023","SPXU","ProShares UltraPro Short S&P 500 ETF
CUSIP: 74347B110","Sell","5","$13.10","$65.48"
"4/18/2023","4/18/2023","4/20/2023","UPRO","ProShares UltraPro S&P 500 ETF
CUSIP: 74347X864","Buy","1","$39.82","($39.82)"
"4/18/2023","4/18/2023","4/20/2023","UPRO","ProShares UltraPro S&P 500 ETF
CUSIP: 74347X864","Buy","1","$39.99","($39.99)"
"4/17/2023","4/17/2023","4/19/2023","UPRO","ProShares UltraPro S&P 500 ETF
CUSIP: 74347X864","Buy","1","$39.49","($39.49)"
"4/17/2023","4/17/2023","4/19/2023","SPXU","ProShares UltraPro Short S&P 500 ETF
CUSIP: 74347B110","Sell","10","$13.18","$131.75"
"4/14/2023","4/14/2023","4/18/2023","UPRO","ProShares UltraPro S&P 500 ETF
CUSIP: 74347X864","Sell","4","$38.74","$154.98"
"4/14/2023","4/14/2023","4/18/2023","SPXU","ProShares UltraPro Short S&P 500 ETF
CUSIP: 74347B110","Buy","10","$13.39","($133.87)"
"4/14/2023","4/14/2023","4/18/2023","SPXU","ProShares UltraPro Short S&P 500 ETF
CUSIP: 74347B110","Buy","10","$13.41","($134.07)"
"4/14/2023","4/14/2023","4/18/2023","UPRO","ProShares UltraPro S&P 500 ETF
CUSIP: 74347X864","Buy","1","$39.02","($39.02)"
"4/14/2023","4/14/2023","4/18/2023","UPRO","ProShares UltraPro S&P 500 ETF
CUSIP: 74347X864","Buy","1","$39.06","($39.07)"
"4/14/2023","4/14/2023","4/18/2023","UPRO","ProShares UltraPro S&P 500 ETF
CUSIP: 74347X864","Buy","1","$39.92","($39.93)"
"4/13/2023","4/13/2023","4/17/2023","UPRO","ProShares UltraPro S&P 500 ETF
CUSIP: 74347X864","Buy","1","$39.14","($39.14)"
"4/13/2023","4/13/2023","4/17/2023","SPXU","ProShares UltraPro Short S&P 500 ETF
CUSIP: 74347B110","Sell","10","$13.31","$133.10"
"4/13/2023","4/13/2023","4/17/2023","SPXU","ProShares UltraPro Short S&P 500 ETF
CUSIP: 74347B110","Sell","15","$13.45","$201.71"
"4/12/2023","4/12/2023","4/14/2023","SPXU","ProShares UltraPro Short S&P 500 ETF
CUSIP: 74347B110","Buy","5","$13.61","($68.03)"
"4/12/2023","4/12/2023","4/14/2023","SPXU","ProShares UltraPro Short S&P 500 ETF
CUSIP: 74347B110","Buy","10","$13.40","($134.00)"
"4/12/2023","4/12/2023","4/13/2023","NVDA","NVDA 5/12/2023 Put $220.00","STC","1","$1.37","$136.98"
"4/12/2023","4/12/2023","4/13/2023","NVDA","NVDA 5/12/2023 Put $220.00","BTO","1","$1.42","($142.00)"
"4/12/2023","4/12/2023","4/14/2023","SPXU","ProShares UltraPro Short S&P 500 ETF
CUSIP: 74347B110","Buy","10","$13.40","($134.00)"
"4/12/2023","4/12/2023","4/14/2023","UPRO","ProShares UltraPro S&P 500 ETF
CUSIP: 74347X864","Sell","4","$38.88","$155.50"
"4/11/2023","4/11/2023","4/13/2023","UPRO","ProShares UltraPro S&P 500 ETF
CUSIP: 74347X864","Sell","5","$38.32","$191.60"
"4/11/2023","4/11/2023","4/12/2023","AMC","AMC 9/15/2023 Call $7.00","BTO","1","$0.70","($70.00)"
"4/10/2023","4/10/2023","4/12/2023","UPRO","ProShares UltraPro S&P 500 ETF
CUSIP: 74347X864","Buy","5","$38.07","($190.35)"
"4/10/2023","4/10/2023","4/12/2023","UPRO","ProShares UltraPro S&P 500 ETF
CUSIP: 74347X864","Sell","3","$37.91","$113.72"
"4/6/2023","4/6/2023","4/11/2023","UPRO","ProShares UltraPro S&P 500 ETF
CUSIP: 74347X864","Buy","2","$38.10","($76.19)"
"4/6/2023","4/6/2023","4/11/2023","UPRO","ProShares UltraPro S&P 500 ETF
CUSIP: 74347X864","Buy","1","$37.62","($37.63)"
"4/6/2023","4/6/2023","4/11/2023","SPXU","ProShares UltraPro Short S&P 500 ETF
CUSIP: 74347B110","Sell","4","$13.78","$55.12"
"4/6/2023","4/6/2023","4/11/2023","UPRO","ProShares UltraPro S&P 500 ETF
CUSIP: 74347X864","Buy","1","$37.73","($37.73)"
"4/6/2023","4/6/2023","4/11/2023","UPRO","ProShares UltraPro S&P 500 ETF
CUSIP: 74347X864","Buy","1","$37.66","($37.67)"
"4/5/2023","4/5/2023","4/10/2023","SPXU","ProShares UltraPro Short S&P 500 ETF
CUSIP: 74347B110","Buy","4","$13.73","($54.91)"
"4/5/2023","4/5/2023","4/10/2023","UPRO","ProShares UltraPro S&P 500 ETF
CUSIP: 74347X864","Buy","2","$38.07","($76.13)"
"4/5/2023","4/5/2023","4/10/2023","SPXU","ProShares UltraPro Short S&P 500 ETF
CUSIP: 74347B110","Sell","5","$13.67","$68.35"
"4/5/2023","4/5/2023","4/10/2023","SPXU","ProShares UltraPro Short S&P 500 ETF
CUSIP: 74347B110","Sell","5","$13.70","$68.50"
"4/5/2023","4/5/2023","4/6/2023","NVDA","NVDA 6/16/2023 Put $220.00","STC","1","$6.45","$644.98"
"4/4/2023","4/4/2023","4/5/2023","NVDA","NVDA 6/16/2023 Put $220.00","BTO","1","$5.65","($565.00)"
"4/4/2023","4/4/2023","4/6/2023","SPXU","ProShares UltraPro Short S&P 500 ETF
CUSIP: 74347B110","Buy","5","$13.56","($67.78)"
"4/4/2023","4/4/2023","4/6/2023","SPXU","ProShares UltraPro Short S&P 500 ETF
CUSIP: 74347B110","Buy","5","$13.38","($66.90)"
"3/31/2023","3/31/2023","4/4/2023","UPRO","ProShares UltraPro S&P 500 ETF
CUSIP: 74347X864","Sell","3","$38.58","$115.74"
"3/31/2023","3/31/2023","4/4/2023","UPRO","ProShares UltraPro S&P 500 ETF
CUSIP: 74347X864","Sell","2","$38.41","$76.82"
"3/29/2023","3/29/2023","3/29/2023","UPRO","Cash Div: R/D 2023-03-23 P/D 2023-03-29 - 3 shares at 0.082561","CDIV","","","$0.25"
"3/29/2023","3/29/2023","3/31/2023","UPRO","ProShares UltraPro S&P 500 ETF
CUSIP: 74347X864","Buy","2","$36.12","($72.25)"
"3/29/2023","3/29/2023","3/31/2023","UPRO","ProShares UltraPro S&P 500 ETF
CUSIP: 74347X864","Sell","2","$35.96","$71.92"
"3/28/2023","3/28/2023","3/30/2023","UPRO","ProShares UltraPro S&P 500 ETF
CUSIP: 74347X864","Buy","1","$34.72","($34.72)"
"3/28/2023","3/28/2023","3/30/2023","UPRO","ProShares UltraPro S&P 500 ETF
CUSIP: 74347X864","Buy","2","$34.92","($69.84)"
"3/27/2023","3/27/2023","3/29/2023","UPRO","ProShares UltraPro S&P 500 ETF
CUSIP: 74347X864","Buy","2","$35.18","($70.37)"
"3/27/2023","3/27/2023","3/29/2023","SPXU","ProShares UltraPro Short S&P 500 ETF
CUSIP: 74347B110","Sell","3","$14.89","$44.67"
"3/27/2023","3/27/2023","3/29/2023","SPXU","ProShares UltraPro Short S&P 500 ETF
CUSIP: 74347B110","Sell","3","$14.62","$43.85"
"3/24/2023","3/24/2023","3/28/2023","SPXU","ProShares UltraPro Short S&P 500 ETF
CUSIP: 74347B110","Buy","5","$15.22","($76.11)"
"3/24/2023","3/24/2023","3/28/2023","SPXU","ProShares UltraPro Short S&P 500 ETF
CUSIP: 74347B110","Buy","1","$15.26","($15.27)"
"3/24/2023","3/24/2023","3/28/2023","SPXU","ProShares UltraPro Short S&P 500 ETF
CUSIP: 74347B110","Sell","6","$15.38","$92.28"
"3/24/2023","3/24/2023","3/28/2023","SPXU","ProShares UltraPro Short S&P 500 ETF
CUSIP: 74347B110","Sell","6","$15.44","$92.67"
"3/23/2023","3/23/2023","3/27/2023","SPXU","ProShares UltraPro Short S&P 500 ETF
CUSIP: 74347B110","Buy","2","$14.63","($29.26)"
"3/23/2023","3/23/2023","3/27/2023","SPXU","ProShares UltraPro Short S&P 500 ETF
CUSIP: 74347B110","Buy","5","$14.89","($74.46)"
"3/22/2023","3/22/2023","3/24/2023","SPXU","ProShares UltraPro Short S&P 500 ETF
CUSIP: 74347B110","Buy","5","$14.53","($72.65)"
"3/22/2023","3/22/2023","3/24/2023","UPRO","ProShares UltraPro S&P 500 ETF
CUSIP: 74347X864","Sell","5","$35.92","$179.58"
"3/22/2023","3/22/2023","3/24/2023","UPRO","ProShares UltraPro S&P 500 ETF
CUSIP: 74347X864","Buy","2","$35.58","($71.16)"
"3/21/2023","3/21/2023","3/23/2023","SPXU","ProShares UltraPro Short S&P 500 ETF
CUSIP: 74347B110","Sell","4","$14.94","$59.76"
"3/21/2023","3/21/2023","3/23/2023","UPRO","ProShares UltraPro S&P 500 ETF
CUSIP: 74347X864","Buy","1","$35.22","($35.22)"
"3/21/2023","3/21/2023","3/23/2023","SPXU","ProShares UltraPro Short S&P 500 ETF
CUSIP: 74347B110","Sell","3","$14.86","$44.58"
"3/20/2023","3/20/2023","3/22/2023","SPXU","ProShares UltraPro Short S&P 500 ETF
CUSIP: 74347B110","Buy","5","$15.31","($76.57)"
"3/20/2023","3/20/2023","3/22/2023","UPRO","ProShares UltraPro S&P 500 ETF
CUSIP: 74347X864","Buy","1","$34.49","($34.49)"
"3/20/2023","3/20/2023","3/22/2023","SPXU","ProShares UltraPro Short S&P 500 ETF
CUSIP: 74347B110","Buy","2","$15.47","($30.94)"
"3/20/2023","3/20/2023","3/22/2023","UPRO","ProShares UltraPro S&P 500 ETF
CUSIP: 74347X864","Buy","1","$34.03","($34.03)"
"3/17/2023","3/17/2023","3/21/2023","SPXU","ProShares UltraPro Short S&P 500 ETF
CUSIP: 74347B110","Sell","2","$15.72","$31.43"
"3/17/2023","3/17/2023","3/21/2023","SPXU","ProShares UltraPro Short S&P 500 ETF
CUSIP: 74347B110","Sell","2","$15.66","$31.32"
"3/17/2023","3/17/2023","3/21/2023","SPXU","ProShares UltraPro Short S&P 500 ETF
CUSIP: 74347B110","Sell","2","$15.70","$31.40"
"3/17/2023","3/17/2023","3/21/2023","SPXU","ProShares UltraPro Short S&P 500 ETF
CUSIP: 74347B110","Sell","2","$15.70","$31.41"
"3/17/2023","3/17/2023","3/21/2023","SPXU","ProShares UltraPro Short S&P 500 ETF
CUSIP: 74347B110","Sell","4","$15.76","$63.03"
"3/17/2023","3/17/2023","3/21/2023","SPXU","ProShares UltraPro Short S&P 500 ETF
CUSIP: 74347B110","Sell","12","$15.78","$189.36"
"3/16/2023","3/16/2023","3/20/2023","SPXU","ProShares UltraPro Short S&P 500 ETF
CUSIP: 74347B110","Buy","5","$15.75","($78.75)"
"3/16/2023","3/16/2023","3/20/2023","SPXU","ProShares UltraPro Short S&P 500 ETF
CUSIP: 74347B110","Buy","5","$16.33","($81.65)"
"3/16/2023","3/16/2023","3/20/2023","UPRO","ProShares UltraPro S&P 500 ETF
CUSIP: 74347X864","Sell","10.846556","$32.58","$353.41"
"3/16/2023","3/16/2023","3/20/2023","UPRO","ProShares UltraPro S&P 500 ETF
CUSIP: 74347X864","Sell","0.153444","$32.58","$5.00"
"3/15/2023","3/15/2023","3/17/2023","UPRO","ProShares UltraPro S&P 500 ETF
CUSIP: 74347X864","Buy","2","$32.76","($65.52)"
"3/15/2023","3/15/2023","3/17/2023","SPXU","ProShares UltraPro Short S&P 500 ETF
CUSIP: 74347B110","Sell","15","$16.01","$240.17"
"3/15/2023","3/15/2023","3/17/2023","SPXU","ProShares UltraPro Short S&P 500 ETF
CUSIP: 74347B110","Sell","7","$16.28","$113.99"
"3/15/2023","3/15/2023","3/17/2023","UPRO","ProShares UltraPro S&P 500 ETF
CUSIP: 74347X864","Buy","2","$32.54","($65.07)"
"3/15/2023","3/15/2023","3/17/2023","UPRO","ProShares UltraPro S&P 500 ETF
CUSIP: 74347X864","Buy","1","$32.20","($32.20)"
"3/15/2023","3/15/2023","3/17/2023","UPRO","ProShares UltraPro S&P 500 ETF
CUSIP: 74347X864","Buy","2","$32.26","($64.52)"
"3/15/2023","3/15/2023","3/17/2023","UPRO","ProShares UltraPro S&P 500 ETF
CUSIP: 74347X864","Buy","2","$32.27","($64.54)"
"3/15/2023","3/15/2023","3/17/2023","UPRO","ProShares UltraPro S&P 500 ETF
CUSIP: 74347X864","Buy","2","$32.19","($64.37)"
"3/15/2023","3/15/2023","3/17/2023","UPRO","ProShares UltraPro S&P 500 ETF
CUSIP: 74347X864","Sell","2","$31.97","$63.95"
"3/15/2023","3/15/2023","3/17/2023","UPRO","ProShares UltraPro S&P 500 ETF
CUSIP: 74347X864","Sell","2","$32.26","$64.51"
"3/15/2023","3/15/2023","3/17/2023","UPRO","ProShares UltraPro S&P 500 ETF
CUSIP: 74347X864","Sell","5","$32.48","$162.41"
"3/14/2023","3/14/2023","3/16/2023","UPRO","ProShares UltraPro S&P 500 ETF
CUSIP: 74347X864","Buy","1","$33.82","($33.82)"
"3/14/2023","3/14/2023","3/16/2023","SPXU","ProShares UltraPro Short S&P 500 ETF
CUSIP: 74347B110","Buy","5","$15.91","($79.54)"
"3/14/2023","3/14/2023","3/16/2023","UPRO","ProShares UltraPro S&P 500 ETF
CUSIP: 74347X864","Sell","2","$32.82","$65.65"
"3/14/2023","3/14/2023","3/16/2023","UPRO","ProShares UltraPro S&P 500 ETF
CUSIP: 74347X864","Sell","2","$32.96","$65.92"
"3/14/2023","3/14/2023","3/16/2023","UPRO","ProShares UltraPro S&P 500 ETF
CUSIP: 74347X864","Buy","2","$33.30","($66.59)"
"3/14/2023","3/14/2023","3/16/2023","UPRO","ProShares UltraPro S&P 500 ETF
CUSIP: 74347X864","Buy","5","$33.38","($166.90)"
"3/14/2023","3/14/2023","3/16/2023","UPRO","ProShares UltraPro S&P 500 ETF
CUSIP: 74347X864","Buy","5","$33.36","($166.83)"
"3/13/2023","3/13/2023","3/15/2023","SPXU","ProShares UltraPro Short S&P 500 ETF
CUSIP: 74347B110","Buy","3","$16.22","($48.66)"
"3/13/2023","3/13/2023","3/15/2023","SPXU","ProShares UltraPro Short S&P 500 ETF
CUSIP: 74347B110","Buy","2","$16.33","($32.66)"
"3/13/2023","3/13/2023","3/15/2023","SPXU","ProShares UltraPro Short S&P 500 ETF
CUSIP: 74347B110","Buy","2","$16.00","($31.99)"
"3/13/2023","3/13/2023","3/15/2023","SPXU","ProShares UltraPro Short S&P 500 ETF
CUSIP: 74347B110","Buy","5","$16.26","($81.30)"
"3/13/2023","3/13/2023","3/15/2023","SPXU","ProShares UltraPro Short S&P 500 ETF
CUSIP: 74347B110","Buy","5","$16.23","($81.15)"
"3/13/2023","3/13/2023","3/15/2023","SPXU","ProShares UltraPro Short S&P 500 ETF
CUSIP: 74347B110","Sell","15","$16.08","$241.28"
"3/10/2023","3/10/2023","3/14/2023","SPXU","ProShares UltraPro Short S&P 500 ETF
CUSIP: 74347B110","Buy","5","$16.41","($82.04)"
"3/10/2023","3/10/2023","3/14/2023","SPXU","ProShares UltraPro Short S&P 500 ETF
CUSIP: 74347B110","Buy","5","$16.15","($80.75)"
"3/10/2023","3/10/2023","3/14/2023","SPXU","ProShares UltraPro Short S&P 500 ETF
CUSIP: 74347B110","Buy","5","$16.16","($80.79)"
"3/10/2023","3/10/2023","3/14/2023","SPXU","ProShares UltraPro Short S&P 500 ETF
CUSIP: 74347B110","Sell","5","$15.98","$79.93"
"3/10/2023","3/10/2023","3/14/2023","SPXU","ProShares UltraPro Short S&P 500 ETF
CUSIP: 74347B110","Sell","10","$15.92","$159.23"
"3/10/2023","3/10/2023","3/14/2023","SPXU","ProShares UltraPro Short S&P 500 ETF
CUSIP: 74347B110","Buy","5","$16.02","($80.09)"
"3/10/2023","3/10/2023","3/14/2023","UPRO","ProShares UltraPro S&P 500 ETF
CUSIP: 74347X864","Sell","4","$33.18","$132.72"
"3/9/2023","3/9/2023","3/13/2023","UPRO","ProShares UltraPro S&P 500 ETF
CUSIP: 74347X864","Buy","2","$34.13","($68.26)"
"3/9/2023","3/9/2023","3/13/2023","UPRO","ProShares UltraPro S&P 500 ETF
CUSIP: 74347X864","Buy","2","$33.98","($67.95)"
"3/9/2023","3/9/2023","3/13/2023","UPRO","ProShares UltraPro S&P 500 ETF
CUSIP: 74347X864","Sell","2","$34.32","$68.64"
"3/9/2023","3/9/2023","3/13/2023","UPRO","ProShares UltraPro S&P 500 ETF
CUSIP: 74347X864","Sell","3","$34.41","$103.23"
"3/9/2023","3/9/2023","3/13/2023","UPRO","ProShares UltraPro S&P 500 ETF
CUSIP: 74347X864","Buy","1","$34.56","($34.57)"
"3/9/2023","3/9/2023","3/13/2023","UPRO","ProShares UltraPro S&P 500 ETF
CUSIP: 74347X864","Buy","2","$34.66","($69.33)"
"3/9/2023","3/9/2023","3/13/2023","UPRO","ProShares UltraPro S&P 500 ETF
CUSIP: 74347X864","Buy","2","$34.72","($69.45)"
"3/9/2023","3/9/2023","3/13/2023","SPXU","ProShares UltraPro Short S&P 500 ETF
CUSIP: 74347B110","Buy","5","$15.19","($75.95)"
"3/9/2023","3/9/2023","3/13/2023","SPXU","ProShares UltraPro Short S&P 500 ETF
CUSIP: 74347B110","Buy","5","$14.82","($74.10)"
"3/9/2023","3/9/2023","3/13/2023","SPXU","ProShares UltraPro Short S&P 500 ETF
CUSIP: 74347B110","Buy","5","$14.75","($73.73)"
"3/8/2023","3/8/2023","3/10/2023","SPXU","ProShares UltraPro Short S&P 500 ETF
CUSIP: 74347B110","Sell","10","$14.96","$149.63"
"3/6/2023","3/6/2023","3/8/2023","SPXU","ProShares UltraPro Short S&P 500 ETF
CUSIP: 74347B110","Buy","5","$14.07","($70.34)"
"3/3/2023","3/3/2023","3/7/2023","SPXU","ProShares UltraPro Short S&P 500 ETF
CUSIP: 74347B110","Sell","14","$14.66","$205.27"
"3/2/2023","3/2/2023","3/6/2023","SPXU","ProShares UltraPro Short S&P 500 ETF
CUSIP: 74347B110","Buy","5","$15.50","($77.48)"
"3/1/2023","3/1/2023","3/3/2023","UPRO","ProShares UltraPro S&P 500 ETF
CUSIP: 74347X864","Sell","1","$34.62","$34.62"
"3/1/2023","3/1/2023","3/3/2023","SPXU","ProShares UltraPro Short S&P 500 ETF
CUSIP: 74347B110","Buy","5","$15.31","($76.55)"
"2/28/2023","2/28/2023","3/2/2023","SPXU","ProShares UltraPro Short S&P 500 ETF
CUSIP: 74347B110","Buy","5","$15.08","($75.43)"
"2/28/2023","2/28/2023","3/2/2023","SPXU","ProShares UltraPro Short S&P 500 ETF
CUSIP: 74347B110","Buy","2","$15.03","($30.05)"
"2/28/2023","2/28/2023","3/2/2023","UPRO","ProShares UltraPro S&P 500 ETF
CUSIP: 74347X864","Buy","1","$35.91","($35.91)"
"2/28/2023","2/28/2023","3/2/2023","SPXU","ProShares UltraPro Short S&P 500 ETF
CUSIP: 74347B110","Buy","1","$15.08","($15.08)"
"2/28/2023","2/28/2023","3/2/2023","SPXU","ProShares UltraPro Short S&P 500 ETF
CUSIP: 74347B110","Buy","1","$15.10","($15.10)"
"2/28/2023","2/28/2023","3/2/2023","SPXU","ProShares UltraPro Short S&P 500 ETF
CUSIP: 74347B110","Buy","5","$15.09","($75.45)"
"2/27/2023","2/27/2023","3/1/2023","SPXU","ProShares UltraPro Short S&P 500 ETF
CUSIP: 74347B110","Sell","5","$15.01","$75.07"
"2/24/2023","2/24/2023","2/28/2023","SPXU","ProShares UltraPro Short S&P 500 ETF
CUSIP: 74347B110","Sell","9","$15.34","$138.07"
"2/23/2023","2/23/2023","2/27/2023","SPXU","ProShares UltraPro Short S&P 500 ETF
CUSIP: 74347B110","Buy","5","$14.57","($72.85)"
"2/22/2023","2/22/2023","2/24/2023","SPXU","ProShares UltraPro Short S&P 500 ETF
CUSIP: 74347B110","Buy","5","$14.84","($74.18)"
"2/22/2023","2/22/2023","2/24/2023","SPXU","ProShares UltraPro Short S&P 500 ETF
CUSIP: 74347B110","Sell","7","$14.75","$103.27"
"2/21/2023","2/21/2023","2/23/2023","SPXU","ProShares UltraPro Short S&P 500 ETF
CUSIP: 74347B110","Buy","5","$14.37","($71.84)"
"2/17/2023","2/17/2023","2/21/2023","SPY","Option Expiration for SPY 2/17/2023 Call $420.00","OEXP","1S","",""
"2/17/2023","2/17/2023","2/21/2023","SPY","Option Expiration for SPY 2/17/2023 Call $430.00","OEXP","6S","",""
"2/17/2023","2/17/2023","2/22/2023","SPXU","ProShares UltraPro Short S&P 500 ETF
CUSIP: 74347B110","Buy","10","$14.12","($141.18)"
"2/17/2023","2/17/2023","2/22/2023","UPRO","ProShares UltraPro S&P 500 ETF
CUSIP: 74347X864","Sell","15","$38.16","$572.38"
"2/17/2023","2/17/2023","2/21/2023","SPY","SPY 2/24/2023 Call $420.00","STC","1","$0.25","$24.98"
"2/16/2023","2/16/2023","2/21/2023","SPXU","ProShares UltraPro Short S&P 500 ETF
CUSIP: 74347B110","Sell","20","$13.50","$270.10"
"2/16/2023","2/16/2023","2/17/2023","SPY","SPY 2/24/2023 Call $420.00","BTO","1","$0.74","($74.00)"
"2/16/2023","2/16/2023","2/21/2023","UPRO","ProShares UltraPro S&P 500 ETF
CUSIP: 74347X864","Buy","5","$39.56","($197.80)"
"2/16/2023","2/16/2023","2/21/2023","SPXU","ProShares UltraPro Short S&P 500 ETF
CUSIP: 74347B110","Buy","5","$13.76","($68.79)"
"2/16/2023","2/16/2023","2/21/2023","SPXU","ProShares UltraPro Short S&P 500 ETF
CUSIP: 74347B110","Buy","10","$13.74","($137.38)"
"2/15/2023","2/15/2023","2/17/2023","UPRO","ProShares UltraPro S&P 500 ETF
CUSIP: 74347X864","Buy","4","$40.54","($162.14)"
"2/15/2023","2/15/2023","2/17/2023","SPXU","ProShares UltraPro Short S&P 500 ETF
CUSIP: 74347B110","Buy","5","$13.38","($66.93)"
"2/15/2023","2/15/2023","2/17/2023","SPXU","ProShares UltraPro Short S&P 500 ETF
CUSIP: 74347B110","Sell","10","$13.39","$133.90"
"2/15/2023","2/15/2023","2/16/2023","SPY","SPY 2/17/2023 Call $420.00","BTO","1","$0.19","($19.00)"
"2/15/2023","2/15/2023","2/16/2023","SPY","SPY 2/17/2023 Call $430.00","BTO","1","$0.02","($2.00)"
"2/15/2023","2/15/2023","2/17/2023","UPRO","ProShares UltraPro S&P 500 ETF
CUSIP: 74347X864","Buy","1","$40.06","($40.06)"
"2/15/2023","2/15/2023","2/16/2023","SPY","SPY 2/17/2023 Call $430.00","BTO","1","$0.02","($2.00)"
"2/15/2023","2/15/2023","2/17/2023","UPRO","ProShares UltraPro S&P 500 ETF
CUSIP: 74347X864","Buy","5","$39.85","($199.24)"
"2/15/2023","2/15/2023","2/17/2023","SPXU","ProShares UltraPro Short S&P 500 ETF
CUSIP: 74347B110","Sell","5","$13.57","$67.87"
"2/14/2023","2/14/2023","2/14/2023","","ACH Deposit","ACH","","","$254.00"
"2/14/2023","2/14/2023","2/15/2023","SPY","SPY 2/17/2023 Call $430.00","BTO","1","$0.04","($4.00)"
"2/14/2023","2/14/2023","2/15/2023","SPY","SPY 2/17/2023 Call $430.00","BTO","1","$0.06","($6.00)"
"2/14/2023","2/14/2023","2/16/2023","SPXU","ProShares UltraPro Short S&P 500 ETF
CUSIP: 74347B110","Sell","5","$13.27","$66.35"
"2/14/2023","2/14/2023","2/16/2023","SPXU","ProShares UltraPro Short S&P 500 ETF
CUSIP: 74347B110","Buy","20","$13.66","($273.15)"
"2/13/2023","2/13/2023","2/15/2023","SPXU","ProShares UltraPro Short S&P 500 ETF
CUSIP: 74347B110","Sell","5","$13.39","$66.95"
"2/13/2023","2/13/2023","2/15/2023","SPXU","ProShares UltraPro Short S&P 500 ETF
CUSIP: 74347B110","Sell","5","$13.45","$67.25"
"2/13/2023","2/13/2023","2/14/2023","SPY","SPY 2/17/2023 Call $430.00","BTO","1","$0.11","($11.00)"
"2/10/2023","2/10/2023","2/14/2023","SPXU","ProShares UltraPro Short S&P 500 ETF
CUSIP: 74347B110","Sell","10","$13.99","$139.94"
"2/10/2023","2/10/2023","2/14/2023","UPRO","ProShares UltraPro S&P 500 ETF
CUSIP: 74347X864","Sell","4","$38.19","$152.77"
"2/10/2023","2/10/2023","2/14/2023","SPXU","ProShares UltraPro Short S&P 500 ETF
CUSIP: 74347B110","Buy","20","$14.07","($281.40)"
"2/9/2023","2/9/2023","2/10/2023","SPY","SPY 2/17/2023 Call $430.00","BTO","1","$0.18","($18.00)"
"2/9/2023","2/9/2023","2/13/2023","UPRO","ProShares UltraPro S&P 500 ETF
CUSIP: 74347X864","Buy","1","$38.94","($38.94)"
"2/9/2023","2/9/2023","2/13/2023","UPRO","ProShares UltraPro S&P 500 ETF
CUSIP: 74347X864","Buy","1","$38.88","($38.88)"
"2/9/2023","2/9/2023","2/13/2023","SPXU","ProShares UltraPro Short S&P 500 ETF
CUSIP: 74347B110","Sell","15","$13.89","$208.35"
"2/9/2023","2/9/2023","2/13/2023","UPRO","ProShares UltraPro S&P 500 ETF
CUSIP: 74347X864","Buy","1","$38.70","($38.70)"
"2/9/2023","2/9/2023","2/13/2023","UPRO","ProShares UltraPro S&P 500 ETF
CUSIP: 74347X864","Buy","1","$38.51","($38.51)"
"2/9/2023","2/9/2023","2/13/2023","SPXU","ProShares UltraPro Short S&P 500 ETF
CUSIP: 74347B110","Buy","10","$13.39","($133.91)"
"2/9/2023","2/9/2023","2/13/2023","SPXU","ProShares UltraPro Short S&P 500 ETF
CUSIP: 74347B110","Sell","5","$13.30","$66.50"
"2/9/2023","2/9/2023","2/13/2023","SPXU","ProShares UltraPro Short S&P 500 ETF
CUSIP: 74347B110","Sell","5","$13.30","$66.50"
"2/9/2023","2/9/2023","2/13/2023","SPXU","ProShares UltraPro Short S&P 500 ETF
CUSIP: 74347B110","Sell","5","$13.31","$66.56"
"2/8/2023","2/8/2023","2/10/2023","SPXU","ProShares UltraPro Short S&P 500 ETF
CUSIP: 74347B110","Buy","5","$13.44","($67.18)"
"2/8/2023","2/8/2023","2/10/2023","SPXU","ProShares UltraPro Short S&P 500 ETF
CUSIP: 74347B110","Buy","5","$13.30","($66.48)"
"2/8/2023","2/8/2023","2/10/2023","SPXU","ProShares UltraPro Short S&P 500 ETF
CUSIP: 74347B110","Buy","10","$13.36","($133.55)"
"2/3/2023","2/3/2023","2/7/2023","UPRO","ProShares UltraPro S&P 500 ETF
CUSIP: 74347X864","Sell","5","$41.12","$205.61"
"2/3/2023","2/3/2023","2/7/2023","UPRO","ProShares UltraPro S&P 500 ETF
CUSIP: 74347X864","Sell","5","$40.46","$202.30"
"2/1/2023","2/1/2023","2/3/2023","UPRO","ProShares UltraPro S&P 500 ETF
CUSIP: 74347X864","Sell","7","$39.46","$276.25"
"2/1/2023","2/1/2023","2/3/2023","UPRO","ProShares UltraPro S&P 500 ETF
CUSIP: 74347X864","Buy","1","$38.16","($38.17)"
"2/1/2023","2/1/2023","2/3/2023","UPRO","ProShares UltraPro S&P 500 ETF
CUSIP: 74347X864","Buy","1","$38.08","($38.08)"
"2/1/2023","2/1/2023","2/3/2023","UPRO","ProShares UltraPro S&P 500 ETF
CUSIP: 74347X864","Buy","1","$38.35","($38.35)"
"2/1/2023","2/1/2023","2/3/2023","UPRO","ProShares UltraPro S&P 500 ETF
CUSIP: 74347X864","Buy","1","$38.30","($38.31)"
"2/1/2023","2/1/2023","2/3/2023","UPRO","ProShares UltraPro S&P 500 ETF
CUSIP: 74347X864","Buy","1","$38.40","($38.41)"
"1/31/2023","1/31/2023","2/2/2023","UPRO","ProShares UltraPro S&P 500 ETF
CUSIP: 74347X864","Buy","3","$37.66","($112.98)"
"1/31/2023","1/31/2023","2/2/2023","UPRO","ProShares UltraPro S&P 500 ETF
CUSIP: 74347X864","Sell","8","$37.18","$297.48"
"1/30/2023","1/30/2023","2/1/2023","UPRO","ProShares UltraPro S&P 500 ETF
CUSIP: 74347X864","Buy","2","$38.01","($76.02)"
"1/30/2023","1/30/2023","2/1/2023","UPRO","ProShares UltraPro S&P 500 ETF
CUSIP: 74347X864","Buy","5","$37.78","($188.89)"
"1/27/2023","1/27/2023","1/31/2023","UPRO","ProShares UltraPro S&P 500 ETF
CUSIP: 74347X864","Sell","8","$38.59","$308.75"
"1/26/2023","1/26/2023","1/30/2023","UPRO","ProShares UltraPro S&P 500 ETF
CUSIP: 74347X864","Buy","5","$37.25","($186.25)"
"1/26/2023","1/26/2023","1/27/2023","SPY","SPY 2/3/2023 Put $394.00","STC","1","$1.94","$193.98"
"1/26/2023","1/26/2023","1/30/2023","UPRO","ProShares UltraPro S&P 500 ETF
CUSIP: 74347X864","Buy","10","$37.89","($378.87)"
"1/25/2023","1/25/2023","1/26/2023","SPY","SPY 2/3/2023 Put $394.00","BTO","1","$2.99","($299.00)"
"1/25/2023","1/25/2023","1/27/2023","UPRO","ProShares UltraPro S&P 500 ETF
CUSIP: 74347X864","Sell","2","$36.98","$73.97"
"1/25/2023","1/25/2023","1/27/2023","UPRO","ProShares UltraPro S&P 500 ETF
CUSIP: 74347X864","Sell","4","$36.64","$146.58"
"1/25/2023","1/25/2023","1/27/2023","UPRO","ProShares UltraPro S&P 500 ETF
CUSIP: 74347X864","Buy","2","$35.59","($71.18)"
"1/24/2023","1/24/2023","1/26/2023","UPRO","ProShares UltraPro S&P 500 ETF
CUSIP: 74347X864","Buy","1","$37.28","($37.28)"
"1/24/2023","1/24/2023","1/26/2023","UPRO","ProShares UltraPro S&P 500 ETF
CUSIP: 74347X864","Buy","1","$36.59","($36.59)"
"1/24/2023","1/24/2023","1/26/2023","UPRO","ProShares UltraPro S&P 500 ETF
CUSIP: 74347X864","Buy","1","$36.88","($36.88)"
"1/23/2023","1/23/2023","1/25/2023","UPRO","ProShares UltraPro S&P 500 ETF
CUSIP: 74347X864","Buy","1","$37.04","($37.05)"
"1/23/2023","1/23/2023","1/25/2023","UPRO","ProShares UltraPro S&P 500 ETF
CUSIP: 74347X864","Buy","1","$37.47","($37.47)"
"1/23/2023","1/23/2023","1/25/2023","UPRO","ProShares UltraPro S&P 500 ETF
CUSIP: 74347X864","Buy","1","$36.60","($36.60)"
"1/23/2023","1/23/2023","1/25/2023","UPRO","ProShares UltraPro S&P 500 ETF
CUSIP: 74347X864","Buy","1","$36.54","($36.54)"
"1/20/2023","1/20/2023","1/24/2023","SPXU","ProShares UltraPro Short S&P 500 ETF
CUSIP: 74347B110","Sell","12","$15.28","$183.42"
"1/20/2023","1/20/2023","1/24/2023","SPXU","ProShares UltraPro Short S&P 500 ETF
CUSIP: 74347B110","Sell","15","$15.34","$230.15"
"1/20/2023","1/20/2023","1/24/2023","UPRO","ProShares UltraPro S&P 500 ETF
CUSIP: 74347X864","Sell","2","$34.92","$69.83"
"1/20/2023","1/20/2023","1/24/2023","SPXU","ProShares UltraPro Short S&P 500 ETF
CUSIP: 74347B110","Buy","5","$15.64","($78.19)"
"1/19/2023","1/19/2023","1/23/2023","UPRO","ProShares UltraPro S&P 500 ETF
CUSIP: 74347X864","Buy","2","$34.16","($68.31)"
"1/19/2023","1/19/2023","1/23/2023","SPXU","ProShares UltraPro Short S&P 500 ETF
CUSIP: 74347B110","Buy","5","$15.88","($79.43)"
"1/19/2023","1/19/2023","1/23/2023","SPXU","ProShares UltraPro Short S&P 500 ETF
CUSIP: 74347B110","Buy","2","$15.92","($31.85)"
"1/18/2023","1/18/2023","1/20/2023","UPRO","ProShares UltraPro S&P 500 ETF
CUSIP: 74347X864","Sell","1","$36.38","$36.38"
"1/18/2023","1/18/2023","1/20/2023","SPXU","ProShares UltraPro Short S&P 500 ETF
CUSIP: 74347B110","Buy","5","$15.06","($75.28)"
"1/18/2023","1/18/2023","1/20/2023","UPRO","ProShares UltraPro S&P 500 ETF
CUSIP: 74347X864","Sell","1","$36.58","$36.58"
"1/18/2023","1/18/2023","1/20/2023","SPXU","ProShares UltraPro Short S&P 500 ETF
CUSIP: 74347B110","Buy","5","$14.88","($74.38)"
"1/17/2023","1/17/2023","1/19/2023","UPRO","ProShares UltraPro S&P 500 ETF
CUSIP: 74347X864","Sell","2","$36.45","$72.90"
"1/17/2023","1/17/2023","1/19/2023","UPRO","ProShares UltraPro S&P 500 ETF
CUSIP: 74347X864","Sell","2","$36.72","$73.45"
"1/17/2023","1/17/2023","1/19/2023","UPRO","ProShares UltraPro S&P 500 ETF
CUSIP: 74347X864","Sell","2","$36.56","$73.12"
"1/17/2023","1/17/2023","1/19/2023","SPXU","ProShares UltraPro Short S&P 500 ETF
CUSIP: 74347B110","Buy","5","$15.04","($75.19)"
"1/17/2023","1/17/2023","1/19/2023","SPXU","ProShares UltraPro Short S&P 500 ETF
CUSIP: 74347B110","Sell","3","$14.76","$44.30"
"1/17/2023","1/17/2023","1/19/2023","SPXU","ProShares UltraPro Short S&P 500 ETF
CUSIP: 74347B110","Sell","4","$14.84","$59.36"
"1/17/2023","1/17/2023","1/19/2023","UPRO","ProShares UltraPro S&P 500 ETF
CUSIP: 74347X864","Buy","1","$37.00","($37.00)"
"1/17/2023","1/17/2023","1/19/2023","UPRO","ProShares UltraPro S&P 500 ETF
CUSIP: 74347X864","Buy","1","$36.79","($36.79)"
"1/13/2023","1/13/2023","1/18/2023","SPXU","ProShares UltraPro Short S&P 500 ETF
CUSIP: 74347B110","Sell","5","$14.88","$74.40"
"1/13/2023","1/13/2023","1/18/2023","SPXU","ProShares UltraPro Short S&P 500 ETF
CUSIP: 74347B110","Buy","2","$15.18","($30.35)"
"1/13/2023","1/13/2023","1/18/2023","UPRO","ProShares UltraPro S&P 500 ETF
CUSIP: 74347X864","Buy","1","$36.20","($36.20)"
"1/13/2023","1/13/2023","1/18/2023","SPXU","ProShares UltraPro Short S&P 500 ETF
CUSIP: 74347B110","Buy","5","$15.41","($77.03)"
"1/12/2023","1/12/2023","1/17/2023","SPXU","ProShares UltraPro Short S&P 500 ETF
CUSIP: 74347B110","Buy","5","$15.10","($75.53)"
"1/12/2023","1/12/2023","1/17/2023","UPRO","ProShares UltraPro S&P 500 ETF
CUSIP: 74347X864","Sell","5","$36.23","$181.15"
"1/12/2023","1/12/2023","1/17/2023","UPRO","ProShares UltraPro S&P 500 ETF
CUSIP: 74347X864","Sell","5","$35.74","$178.68"
"1/12/2023","1/12/2023","1/17/2023","SPXU","ProShares UltraPro Short S&P 500 ETF
CUSIP: 74347B110","Sell","5","$15.34","$76.70"
"1/12/2023","1/12/2023","1/17/2023","SPXU","ProShares UltraPro Short S&P 500 ETF
CUSIP: 74347B110","Sell","5","$15.56","$77.80"
"1/11/2023","1/11/2023","1/13/2023","UPRO","ProShares UltraPro S&P 500 ETF
CUSIP: 74347X864","Buy","5","$35.76","($178.78)"
"1/11/2023","1/11/2023","1/13/2023","SPXU","ProShares UltraPro Short S&P 500 ETF
CUSIP: 74347B110","Buy","10","$15.46","($154.56)"
"1/11/2023","1/11/2023","1/13/2023","UPRO","ProShares UltraPro S&P 500 ETF
CUSIP: 74347X864","Buy","5","$35.26","($176.33)"
"1/10/2023","1/10/2023","1/12/2023","UPRO","ProShares UltraPro S&P 500 ETF
CUSIP: 74347X864","Sell","5","$34.42","$172.11"
"1/10/2023","1/10/2023","1/12/2023","UPRO","ProShares UltraPro S&P 500 ETF
CUSIP: 74347X864","Buy","5","$34.18","($170.88)"
"1/9/2023","1/9/2023","1/11/2023","UPRO","ProShares UltraPro S&P 500 ETF
CUSIP: 74347X864","Buy","5","$34.83","($174.13)"
"1/9/2023","1/9/2023","1/11/2023","UPRO","ProShares UltraPro S&P 500 ETF
CUSIP: 74347X864","Sell","2","$35.27","$70.54"
"1/9/2023","1/9/2023","1/11/2023","UPRO","ProShares UltraPro S&P 500 ETF
CUSIP: 74347X864","Sell","3","$35.38","$106.13"
"1/9/2023","1/9/2023","1/11/2023","UPRO","ProShares UltraPro S&P 500 ETF
CUSIP: 74347X864","Buy","5","$35.08","($175.40)"
"1/6/2023","1/6/2023","1/10/2023","SPXU","ProShares UltraPro Short S&P 500 ETF
CUSIP: 74347B110","Sell","10","$16.03","$160.30"
"1/6/2023","1/6/2023","1/10/2023","SPXU","ProShares UltraPro Short S&P 500 ETF
CUSIP: 74347B110","Buy","5","$16.19","($80.95)"
"1/6/2023","1/6/2023","1/10/2023","SPXU","ProShares UltraPro Short S&P 500 ETF
CUSIP: 74347B110","Sell","5","$16.49","$82.45"
"1/5/2023","1/5/2023","1/9/2023","SPXU","ProShares UltraPro Short S&P 500 ETF
CUSIP: 74347B110","Buy","10","$17.32","($173.17)"
"1/3/2023","1/3/2023","1/5/2023","SPXU","ProShares UltraPro Short S&P 500 ETF
CUSIP: 74347B110","Sell","5","$16.36","$81.80"
""
"","","","","","","","","","The data provided is for informational purposes only. Please consult a professional tax service or personal tax advisor if you need instructions on how to calculate cost basis or questions regarding your specific tax situation. Reminder: This data does not include Robinhood Crypto or Robinhood Spending activity."
